precision,recall,f1,model,seed,lang,zero_shot,n,n_train,epochs
0.457991156032849,0.3758424053913945,0.4128701594533029,phi-4-mini,42,hi,False,867,20000,2.0
0.36519607843137253,0.26670644391408116,0.3082758620689655,phi-4-mini,42,mr,True,1080,20000,2.0
0.34525939177101966,0.19358074222668004,0.24807197943444728,phi-4-mini,42,bn,True,607,20000,2.0
0.22413793103448276,0.14358538657604078,0.17503883997928535,phi-4-mini,42,ta,True,758,20000,2.0
0.3900375939849624,0.3062730627306273,0.34311699049193883,phi-4-mini,42,te,True,847,20000,2.0
0.2409288824383164,0.11163416274377942,0.15257352941176472,phi-4-mini,42,pa,True,993,20000,2.0
0.44269662921348313,0.2261768082663605,0.29939209726443766,phi-4-mini,42,gu,True,1076,20000,2.0
0.4196255648805681,0.336962156557802,0.3737780333525015,qwen2.5-3b,42,hi,False,867,20000,2.0
0.3531047265987025,0.22732696897374702,0.2765880217785844,qwen2.5-3b,42,mr,True,1080,20000,2.0
0.3803986710963455,0.2296890672016048,0.2864290181363352,qwen2.5-3b,42,bn,True,607,20000,2.0
0.17045454545454544,0.07646559048428207,0.10557184750733138,qwen2.5-3b,42,ta,True,758,20000,2.0
0.25848142164781907,0.11904761904761904,0.163015792154865,qwen2.5-3b,42,te,True,847,20000,2.0
0.1777408637873754,0.07200538358008075,0.1024904214559387,qwen2.5-3b,42,pa,True,993,20000,2.0
0.3503480278422274,0.173963133640553,0.23248652809853732,qwen2.5-3b,42,gu,True,1076,20000,2.0
