precision,recall,f1,model,seed,lang,zero_shot,n
0.4195519348268839,0.3203732503888025,0.36331569664902996,phi-4-mini,42,hi,False,867
0.35376532399299476,0.24105011933174225,0.2867281760113556,phi-4-mini,42,mr,True,1080
0.30212014134275617,0.1715145436308927,0.21880998080614203,phi-4-mini,42,bn,True,607
0.21128608923884515,0.13678844519966016,0.16606498194945848,phi-4-mini,42,ta,True,758
0.2945906432748538,0.2974169741697417,0.29599706206390014,phi-4-mini,42,te,True,847
0.20680628272251309,0.1062542030934768,0.14038205242114615,phi-4-mini,42,pa,True,993
0.4215080346106304,0.195752009184845,0.2673461387691102,phi-4-mini,42,gu,True,1076
0.41609822646657574,0.31622602384655263,0.3593519882179676,phi-4-mini,43,hi,False,867
0.36855452240067627,0.26014319809069214,0.30500174886323894,phi-4-mini,43,mr,True,1080
0.3271375464684015,0.1765295887662989,0.2293159609120521,phi-4-mini,43,bn,True,607
0.14631873252562907,0.13338997451146983,0.13955555555555554,phi-4-mini,43,ta,True,758
0.3466787989080983,0.2811808118081181,0.3105134474327628,phi-4-mini,43,te,True,847
0.22646657571623466,0.11163416274377942,0.14954954954954955,phi-4-mini,43,pa,True,993
0.40525739320920046,0.21239954075774972,0.2787193973634651,phi-4-mini,43,gu,True,1076
0.42578397212543556,0.3167444271643339,0.36325802615933417,phi-4-mini,44,hi,False,867
0.3712784588441331,0.2529832935560859,0.30092264017033354,phi-4-mini,44,mr,True,1080
0.32916666666666666,0.1584754262788365,0.2139471902505078,phi-4-mini,44,bn,True,607
0.1814038286235187,0.16907391673746813,0.17502198768689534,phi-4-mini,44,ta,True,758
0.3815413891531874,0.2959409594095941,0.3333333333333333,phi-4-mini,44,te,True,847
0.2565359477124183,0.10558170813718896,0.14959504525964742,phi-4-mini,44,pa,True,993
0.44047619047619047,0.21239954075774972,0.28659953524399695,phi-4-mini,44,gu,True,1076
0.3882758620689655,0.2918610679108346,0.33323468481799345,qwen2.5-3b,42,hi,False,867
0.3645320197044335,0.220763723150358,0.2749907097733185,qwen2.5-3b,42,mr,True,1080
0.34519572953736655,0.1945837512537613,0.2488774855676716,qwen2.5-3b,42,bn,True,607
0.17551020408163265,0.07306711979609176,0.10317936412717456,qwen2.5-3b,42,ta,True,758
0.2470978441127695,0.11086309523809523,0.15305598356445815,qwen2.5-3b,42,te,True,847
0.18574108818011256,0.06662180349932706,0.09806835066864786,qwen2.5-3b,42,pa,True,993
0.30284301606922126,0.14112903225806453,0.19253438113948923,qwen2.5-3b,42,gu,True,1076
0.38639455782312926,0.2944530844997408,0.33421594586643133,qwen2.5-3b,43,hi,False,867
0.3907815631262525,0.23269689737470167,0.29169783096484664,qwen2.5-3b,43,mr,True,1080
0.38253638253638256,0.18455366098294884,0.24898511502029771,qwen2.5-3b,43,bn,True,607
0.17539863325740318,0.06542056074766354,0.09529702970297028,qwen2.5-3b,43,ta,True,758
0.30296127562642367,0.09895833333333333,0.14918676388109925,qwen2.5-3b,43,te,True,847
0.16205533596837945,0.05518169582772544,0.0823293172690763,qwen2.5-3b,43,pa,True,993
0.3263785394932936,0.1261520737327189,0.18196925633568756,qwen2.5-3b,43,gu,True,1076
0.4021897810218978,0.2856402280974598,0.33404061836920274,qwen2.5-3b,44,hi,False,867
0.3757828810020877,0.21479713603818615,0.2733485193621868,qwen2.5-3b,44,mr,True,1080
0.3538732394366197,0.20160481444332998,0.2568690095846645,qwen2.5-3b,44,bn,True,607
0.15889464594127806,0.07816482582837724,0.10478359908883826,qwen2.5-3b,44,ta,True,758
0.2560386473429952,0.11830357142857142,0.1618320610687023,qwen2.5-3b,44,te,True,847
0.14779874213836477,0.063257065948856,0.0885956644674835,qwen2.5-3b,44,pa,True,993
0.29238329238329236,0.13709677419354838,0.18666666666666668,qwen2.5-3b,44,gu,True,1076
